,
 Random Seed:, 1:
Finished 10000 training steps.   Collisions over 5000 ts after 10000 training steps:, 742,final: groups:, 0, temporal nodes:, 0, terminal nodes:, 0, naryNodes:, 0,
 UNfinal: groups:, 20, temporal nodes:, 0, terminal nodes:, 0, naryNodes:, 0,
 Random Seed:, 2:
Finished 10000 training steps.   Collisions over 5000 ts after 10000 training steps:, 711,final: groups:, 0, temporal nodes:, 0, terminal nodes:, 0, naryNodes:, 0,
 UNfinal: groups:, 20, temporal nodes:, 0, terminal nodes:, 0, naryNodes:, 0,
 Random Seed:, 3:
Finished 10000 training steps.   Collisions over 5000 ts after 10000 training steps:, 766,final: groups:, 0, temporal nodes:, 0, terminal nodes:, 0, naryNodes:, 0,
 UNfinal: groups:, 20, temporal nodes:, 0, terminal nodes:, 0, naryNodes:, 0,
 Random Seed:, 4:
Finished 10000 training steps.   Collisions over 5000 ts after 10000 training steps:, 771,final: groups:, 0, temporal nodes:, 0, terminal nodes:, 0, naryNodes:, 0,
 UNfinal: groups:, 20, temporal nodes:, 0, terminal nodes:, 0, naryNodes:, 0,
 Random Seed:, 5:
Finished 10000 training steps.   Collisions over 5000 ts after 10000 training steps:, 761,final: groups:, 0, temporal nodes:, 0, terminal nodes:, 0, naryNodes:, 0,
 UNfinal: groups:, 20, temporal nodes:, 0, terminal nodes:, 0, naryNodes:, 0,
 Random Seed:, 6:
Finished 10000 training steps.   Collisions over 5000 ts after 10000 training steps:, 769,final: groups:, 0, temporal nodes:, 0, terminal nodes:, 0, naryNodes:, 0,
 UNfinal: groups:, 20, temporal nodes:, 0, terminal nodes:, 0, naryNodes:, 0,
 Random Seed:, 7:
Finished 10000 training steps.   Collisions over 5000 ts after 10000 training steps:, 767,final: groups:, 0, temporal nodes:, 0, terminal nodes:, 0, naryNodes:, 0,
 UNfinal: groups:, 20, temporal nodes:, 0, terminal nodes:, 0, naryNodes:, 0,
 Random Seed:, 8:
Finished 10000 training steps.   Collisions over 5000 ts after 10000 training steps:, 780,final: groups:, 0, temporal nodes:, 0, terminal nodes:, 0, naryNodes:, 0,
 UNfinal: groups:, 20, temporal nodes:, 0, terminal nodes:, 0, naryNodes:, 0,
 Random Seed:, 9:
Finished 10000 training steps.   Collisions over 5000 ts after 10000 training steps:, 785,final: groups:, 0, temporal nodes:, 0, terminal nodes:, 0, naryNodes:, 0,
 UNfinal: groups:, 20, temporal nodes:, 0, terminal nodes:, 0, naryNodes:, 0,
 Random Seed:, 10:
Finished 10000 training steps.   Collisions over 5000 ts after 10000 training steps:, 776,final: groups:, 0, temporal nodes:, 0, terminal nodes:, 0, naryNodes:, 0,
 UNfinal: groups:, 20, temporal nodes:, 0, terminal nodes:, 0, naryNodes:, 0,
 Random Seed:, 11:
Finished 10000 training steps.   Collisions over 5000 ts after 10000 training steps:, 772,final: groups:, 0, temporal nodes:, 0, terminal nodes:, 0, naryNodes:, 0,
 UNfinal: groups:, 20, temporal nodes:, 0, terminal nodes:, 0, naryNodes:, 0,
 Random Seed:, 12:
Finished 10000 training steps.   Collisions over 5000 ts after 10000 training steps:, 751,final: groups:, 0, temporal nodes:, 0, terminal nodes:, 0, naryNodes:, 0,
 UNfinal: groups:, 20, temporal nodes:, 0, terminal nodes:, 0, naryNodes:, 0,
 Random Seed:, 13:
Finished 10000 training steps.   Collisions over 5000 ts after 10000 training steps:, 764,final: groups:, 0, temporal nodes:, 0, terminal nodes:, 0, naryNodes:, 0,
 UNfinal: groups:, 20, temporal nodes:, 0, terminal nodes:, 0, naryNodes:, 0,
 Random Seed:, 14:
Finished 10000 training steps.   Collisions over 5000 ts after 10000 training steps:, 774,final: groups:, 0, temporal nodes:, 0, terminal nodes:, 0, naryNodes:, 0,
 UNfinal: groups:, 20, temporal nodes:, 0, terminal nodes:, 0, naryNodes:, 0,
 Random Seed:, 15:
Finished 10000 training steps.   Collisions over 5000 ts after 10000 training steps:, 765,final: groups:, 0, temporal nodes:, 0, terminal nodes:, 0, naryNodes:, 0,
 UNfinal: groups:, 20, temporal nodes:, 0, terminal nodes:, 0, naryNodes:, 0,
 Random Seed:, 16:
Finished 10000 training steps.   Collisions over 5000 ts after 10000 training steps:, 775,final: groups:, 0, temporal nodes:, 0, terminal nodes:, 0, naryNodes:, 0,
 UNfinal: groups:, 20, temporal nodes:, 0, terminal nodes:, 0, naryNodes:, 0,
 Random Seed:, 17:
Finished 10000 training steps.   Collisions over 5000 ts after 10000 training steps:, 790,final: groups:, 0, temporal nodes:, 0, terminal nodes:, 0, naryNodes:, 0,
 UNfinal: groups:, 20, temporal nodes:, 0, terminal nodes:, 0, naryNodes:, 0,
 Random Seed:, 18:
Finished 10000 training steps.   Collisions over 5000 ts after 10000 training steps:, 738,final: groups:, 0, temporal nodes:, 0, terminal nodes:, 0, naryNodes:, 0,
 UNfinal: groups:, 20, temporal nodes:, 0, terminal nodes:, 0, naryNodes:, 0,
 Random Seed:, 19:
Finished 10000 training steps.   Collisions over 5000 ts after 10000 training steps:, 753,final: groups:, 0, temporal nodes:, 0, terminal nodes:, 0, naryNodes:, 0,
 UNfinal: groups:, 20, temporal nodes:, 0, terminal nodes:, 0, naryNodes:, 0,
 Random Seed:, 20:
Finished 10000 training steps.   Collisions over 5000 ts after 10000 training steps:, 759,final: groups:, 0, temporal nodes:, 0, terminal nodes:, 0, naryNodes:, 0,
 UNfinal: groups:, 20, temporal nodes:, 0, terminal nodes:, 0, naryNodes:, 0,
 Random Seed:, 21:
Finished 10000 training steps.   Collisions over 5000 ts after 10000 training steps:, 755,final: groups:, 0, temporal nodes:, 0, terminal nodes:, 0, naryNodes:, 0,
 UNfinal: groups:, 20, temporal nodes:, 0, terminal nodes:, 0, naryNodes:, 0,
 Random Seed:, 22:
Finished 10000 training steps.   Collisions over 5000 ts after 10000 training steps:, 750,final: groups:, 0, temporal nodes:, 0, terminal nodes:, 0, naryNodes:, 0,
 UNfinal: groups:, 20, temporal nodes:, 0, terminal nodes:, 0, naryNodes:, 0,
 Random Seed:, 23:
Finished 10000 training steps.   Collisions over 5000 ts after 10000 training steps:, 723,final: groups:, 0, temporal nodes:, 0, terminal nodes:, 0, naryNodes:, 0,
 UNfinal: groups:, 20, temporal nodes:, 0, terminal nodes:, 0, naryNodes:, 0,
 Random Seed:, 24:
Finished 10000 training steps.   Collisions over 5000 ts after 10000 training steps:, 832,final: groups:, 0, temporal nodes:, 0, terminal nodes:, 0, naryNodes:, 0,
 UNfinal: groups:, 20, temporal nodes:, 0, terminal nodes:, 0, naryNodes:, 0,
 Random Seed:, 25:
Finished 10000 training steps.   Collisions over 5000 ts after 10000 training steps:, 743,final: groups:, 0, temporal nodes:, 0, terminal nodes:, 0, naryNodes:, 0,
 UNfinal: groups:, 20, temporal nodes:, 0, terminal nodes:, 0, naryNodes:, 0,
 Random Seed:, 26:
Finished 10000 training steps.   Collisions over 5000 ts after 10000 training steps:, 736,final: groups:, 0, temporal nodes:, 0, terminal nodes:, 0, naryNodes:, 0,
 UNfinal: groups:, 20, temporal nodes:, 0, terminal nodes:, 0, naryNodes:, 0,
 Random Seed:, 27:
Finished 10000 training steps.   Collisions over 5000 ts after 10000 training steps:, 768,final: groups:, 0, temporal nodes:, 0, terminal nodes:, 0, naryNodes:, 0,
 UNfinal: groups:, 20, temporal nodes:, 0, terminal nodes:, 0, naryNodes:, 0,
 Random Seed:, 28:
Finished 10000 training steps.   Collisions over 5000 ts after 10000 training steps:, 760,final: groups:, 0, temporal nodes:, 0, terminal nodes:, 0, naryNodes:, 0,
 UNfinal: groups:, 20, temporal nodes:, 0, terminal nodes:, 0, naryNodes:, 0,
 Random Seed:, 29:
Finished 10000 training steps.   Collisions over 5000 ts after 10000 training steps:, 786,final: groups:, 0, temporal nodes:, 0, terminal nodes:, 0, naryNodes:, 0,
 UNfinal: groups:, 20, temporal nodes:, 0, terminal nodes:, 0, naryNodes:, 0,
 Random Seed:, 30:
Finished 10000 training steps.   Collisions over 5000 ts after 10000 training steps:, 755,final: groups:, 0, temporal nodes:, 0, terminal nodes:, 0, naryNodes:, 0,
 UNfinal: groups:, 20, temporal nodes:, 0, terminal nodes:, 0, naryNodes:, 0