,
 Random Seed:, 1:
Finished 10000 training steps.   Collisions over 5000 ts after 10000 training steps:, 255,final: groups:, 45, temporal nodes:, 7, terminal nodes:, 478, naryNodes:, 1421,
 UNfinal: groups:, 153, temporal nodes:, 66, terminal nodes:, 1070, naryNodes:, 3275,
 Random Seed:, 2:
Finished 10000 training steps.   Collisions over 5000 ts after 10000 training steps:, 22,final: groups:, 26, temporal nodes:, 2, terminal nodes:, 117, naryNodes:, 623,
 UNfinal: groups:, 98, temporal nodes:, 35, terminal nodes:, 353, naryNodes:, 1999,
 Random Seed:, 3:
Finished 10000 training steps.   Collisions over 5000 ts after 10000 training steps:, 135,final: groups:, 33, temporal nodes:, 4, terminal nodes:, 225, naryNodes:, 737,
 UNfinal: groups:, 96, temporal nodes:, 33, terminal nodes:, 404, naryNodes:, 1836,
 Random Seed:, 4:
Finished 10000 training steps.   Collisions over 5000 ts after 10000 training steps:, 26,final: groups:, 40, temporal nodes:, 5, terminal nodes:, 276, naryNodes:, 997,
 UNfinal: groups:, 91, temporal nodes:, 28, terminal nodes:, 467, naryNodes:, 1773,
 Random Seed:, 5:
Finished 10000 training steps.   Collisions over 5000 ts after 10000 training steps:, 242,final: groups:, 39, temporal nodes:, 6, terminal nodes:, 383, naryNodes:, 1031,
 UNfinal: groups:, 122, temporal nodes:, 48, terminal nodes:, 778, naryNodes:, 2718,
 Random Seed:, 6:
Finished 10000 training steps.   Collisions over 5000 ts after 10000 training steps:, 228,final: groups:, 35, temporal nodes:, 5, terminal nodes:, 328, naryNodes:, 837,
 UNfinal: groups:, 135, temporal nodes:, 58, terminal nodes:, 731, naryNodes:, 2779,
 Random Seed:, 7:
Finished 10000 training steps.   Collisions over 5000 ts after 10000 training steps:, 257,final: groups:, 43, temporal nodes:, 4, terminal nodes:, 293, naryNodes:, 1402,
 UNfinal: groups:, 117, temporal nodes:, 36, terminal nodes:, 565, naryNodes:, 3066,
 Random Seed:, 8:
Finished 10000 training steps.   Collisions over 5000 ts after 10000 training steps:, 63,final: groups:, 44, temporal nodes:, 6, terminal nodes:, 303, naryNodes:, 1302,
 UNfinal: groups:, 110, temporal nodes:, 41, terminal nodes:, 553, naryNodes:, 2488,
 Random Seed:, 9:,
 Random Seed:, 10:
Finished 10000 training steps.   Collisions over 5000 ts after 10000 training steps:, 253,final: groups:, 35, temporal nodes:, 7, terminal nodes:, 492, naryNodes:, 686,
 UNfinal: groups:, 129, temporal nodes:, 61, terminal nodes:, 1025, naryNodes:, 2339,
 Random Seed:, 11:
Finished 10000 training steps.   Collisions over 5000 ts after 10000 training steps:, 47,final: groups:, 44, temporal nodes:, 6, terminal nodes:, 283, naryNodes:, 1378,
 UNfinal: groups:, 129, temporal nodes:, 53, terminal nodes:, 744, naryNodes:, 2888,
 Random Seed:, 12:
Finished 10000 training steps.   Collisions over 5000 ts after 10000 training steps:, 240,final: groups:, 38, temporal nodes:, 3, terminal nodes:, 159, naryNodes:, 1145,
 UNfinal: groups:, 110, temporal nodes:, 42, terminal nodes:, 424, naryNodes:, 2194,
 Random Seed:, 13:
Finished 10000 training steps.   Collisions over 5000 ts after 10000 training steps:, 13,final: groups:, 35, temporal nodes:, 5, terminal nodes:, 370, naryNodes:, 981,
 UNfinal: groups:, 114, temporal nodes:, 40, terminal nodes:, 690, naryNodes:, 2848,
 Random Seed:, 14:
Finished 10000 training steps.   Collisions over 5000 ts after 10000 training steps:, 267,final: groups:, 38, temporal nodes:, 3, terminal nodes:, 189, naryNodes:, 1152,
 UNfinal: groups:, 114, temporal nodes:, 32, terminal nodes:, 459, naryNodes:, 2558,
 Random Seed:, 15:
Finished 10000 training steps.   Collisions over 5000 ts after 10000 training steps:, 244,final: groups:, 33, temporal nodes:, 4, terminal nodes:, 103, naryNodes:, 706,
 UNfinal: groups:, 103, temporal nodes:, 37, terminal nodes:, 385, naryNodes:, 1931,
 Random Seed:, 16:
Finished 10000 training steps.   Collisions over 5000 ts after 10000 training steps:, 259,final: groups:, 39, temporal nodes:, 7, terminal nodes:, 381, naryNodes:, 918,
 UNfinal: groups:, 135, temporal nodes:, 64, terminal nodes:, 898, naryNodes:, 2506,
 Random Seed:, 17:
Finished 10000 training steps.   Collisions over 5000 ts after 10000 training steps:, 257,final: groups:, 50, temporal nodes:, 10, terminal nodes:, 633, naryNodes:, 1385,
 UNfinal: groups:, 125, temporal nodes:, 52, terminal nodes:, 1087, naryNodes:, 3133,
 Random Seed:, 18:
Finished 10000 training steps.   Collisions over 5000 ts after 10000 training steps:, 31,final: groups:, 29, temporal nodes:, 3, terminal nodes:, 183, naryNodes:, 712,
 UNfinal: groups:, 94, temporal nodes:, 29, terminal nodes:, 374, naryNodes:, 2110,
 Random Seed:, 19:
Finished 10000 training steps.   Collisions over 5000 ts after 10000 training steps:, 233,final: groups:, 35, temporal nodes:, 4, terminal nodes:, 147, naryNodes:, 866,
 UNfinal: groups:, 103, temporal nodes:, 33, terminal nodes:, 357, naryNodes:, 2107,
 Random Seed:, 20:
Finished 10000 training steps.   Collisions over 5000 ts after 10000 training steps:, 105,final: groups:, 41, temporal nodes:, 9, terminal nodes:, 436, naryNodes:, 808,
 UNfinal: groups:, 117, temporal nodes:, 51, terminal nodes:, 834, naryNodes:, 1934,
 Random Seed:, 21:
Finished 10000 training steps.   Collisions over 5000 ts after 10000 training steps:, 275,final: groups:, 44, temporal nodes:, 7, terminal nodes:, 513, naryNodes:, 1324,
 UNfinal: groups:, 121, temporal nodes:, 43, terminal nodes:, 885, naryNodes:, 3246,
 Random Seed:, 22:
Finished 10000 training steps.   Collisions over 5000 ts after 10000 training steps:, 249,final: groups:, 29, temporal nodes:, 3, terminal nodes:, 175, naryNodes:, 622,
 UNfinal: groups:, 92, temporal nodes:, 28, terminal nodes:, 342, naryNodes:, 1851,
 Random Seed:, 23:
Finished 10000 training steps.   Collisions over 5000 ts after 10000 training steps:, 248,final: groups:, 38, temporal nodes:, 4, terminal nodes:, 241, naryNodes:, 1160,
 UNfinal: groups:, 97, temporal nodes:, 31, terminal nodes:, 491, naryNodes:, 2410,
 Random Seed:, 24:
Finished 10000 training steps.   Collisions over 5000 ts after 10000 training steps:, 174,final: groups:, 46, temporal nodes:, 6, terminal nodes:, 468, naryNodes:, 1917,
 UNfinal: groups:, 123, temporal nodes:, 39, terminal nodes:, 737, naryNodes:, 4481,
 Random Seed:, 25:
Finished 10000 training steps.   Collisions over 5000 ts after 10000 training steps:, 248,final: groups:, 41, temporal nodes:, 8, terminal nodes:, 490, naryNodes:, 1208,
 UNfinal: groups:, 112, temporal nodes:, 35, terminal nodes:, 742, naryNodes:, 3473,
 Random Seed:, 26:
Finished 10000 training steps.   Collisions over 5000 ts after 10000 training steps:, 255,final: groups:, 34, temporal nodes:, 6, terminal nodes:, 284, naryNodes:, 639,
 UNfinal: groups:, 106, temporal nodes:, 44, terminal nodes:, 621, naryNodes:, 1792,
 Random Seed:, 27:
Finished 10000 training steps.   Collisions over 5000 ts after 10000 training steps:, 98,final: groups:, 41, temporal nodes:, 8, terminal nodes:, 391, naryNodes:, 688,
 UNfinal: groups:, 91, temporal nodes:, 32, terminal nodes:, 612, naryNodes:, 1539,
 Random Seed:, 28:
Finished 10000 training steps.   Collisions over 5000 ts after 10000 training steps:, 265,final: groups:, 32, temporal nodes:, 3, terminal nodes:, 150, naryNodes:, 742,
 UNfinal: groups:, 94, temporal nodes:, 32, terminal nodes:, 326, naryNodes:, 1623,
 Random Seed:, 29:
Finished 10000 training steps.   Collisions over 5000 ts after 10000 training steps:, 199,final: groups:, 47, temporal nodes:, 6, terminal nodes:, 338, naryNodes:, 1543,
 UNfinal: groups:, 131, temporal nodes:, 52, terminal nodes:, 757, naryNodes:, 2988,
 Random Seed:, 30:
Finished 10000 training steps.   Collisions over 5000 ts after 10000 training steps:, 155,final: groups:, 36, temporal nodes:, 4, terminal nodes:, 188, naryNodes:, 1157,
 UNfinal: groups:, 118, temporal nodes:, 48, terminal nodes:, 481, naryNodes:, 2495