,
 Random Seed:, 1:
Finished 10000 training steps.   Collisions over 5000 ts after 10000 training steps:, 615,final: groups:, 30, temporal nodes:, 0, terminal nodes:, 0, naryNodes:, 934,
 UNfinal: groups:, 69, temporal nodes:, 0, terminal nodes:, 0, naryNodes:, 2117,
 Random Seed:, 2:
Finished 10000 training steps.   Collisions over 5000 ts after 10000 training steps:, 167,final: groups:, 26, temporal nodes:, 0, terminal nodes:, 0, naryNodes:, 701,
 UNfinal: groups:, 63, temporal nodes:, 0, terminal nodes:, 0, naryNodes:, 1681,
 Random Seed:, 3:
Finished 10000 training steps.   Collisions over 5000 ts after 10000 training steps:, 306,final: groups:, 32, temporal nodes:, 0, terminal nodes:, 0, naryNodes:, 1061,
 UNfinal: groups:, 67, temporal nodes:, 0, terminal nodes:, 0, naryNodes:, 1949,
 Random Seed:, 4:
Finished 10000 training steps.   Collisions over 5000 ts after 10000 training steps:, 474,final: groups:, 36, temporal nodes:, 0, terminal nodes:, 0, naryNodes:, 1164,
 UNfinal: groups:, 70, temporal nodes:, 0, terminal nodes:, 0, naryNodes:, 2159,
 Random Seed:, 5:
Finished 10000 training steps.   Collisions over 5000 ts after 10000 training steps:, 614,final: groups:, 30, temporal nodes:, 0, terminal nodes:, 0, naryNodes:, 899,
 UNfinal: groups:, 67, temporal nodes:, 0, terminal nodes:, 0, naryNodes:, 1827,
 Random Seed:, 6:
Finished 10000 training steps.   Collisions over 5000 ts after 10000 training steps:, 137,final: groups:, 29, temporal nodes:, 0, terminal nodes:, 0, naryNodes:, 986,
 UNfinal: groups:, 71, temporal nodes:, 0, terminal nodes:, 0, naryNodes:, 2359,
 Random Seed:, 7:
Finished 10000 training steps.   Collisions over 5000 ts after 10000 training steps:, 276,final: groups:, 34, temporal nodes:, 0, terminal nodes:, 0, naryNodes:, 1302,
 UNfinal: groups:, 78, temporal nodes:, 0, terminal nodes:, 0, naryNodes:, 2655,
 Random Seed:, 8:
Finished 10000 training steps.   Collisions over 5000 ts after 10000 training steps:, 18,final: groups:, 34, temporal nodes:, 0, terminal nodes:, 0, naryNodes:, 1197,
 UNfinal: groups:, 80, temporal nodes:, 0, terminal nodes:, 0, naryNodes:, 2355,
 Random Seed:, 9:
Finished 10000 training steps.   Collisions over 5000 ts after 10000 training steps:, 613,final: groups:, 37, temporal nodes:, 0, terminal nodes:, 0, naryNodes:, 1493,
 UNfinal: groups:, 73, temporal nodes:, 0, terminal nodes:, 0, naryNodes:, 2551,
 Random Seed:, 10:
Finished 10000 training steps.   Collisions over 5000 ts after 10000 training steps:, 635,final: groups:, 29, temporal nodes:, 0, terminal nodes:, 0, naryNodes:, 930,
 UNfinal: groups:, 63, temporal nodes:, 0, terminal nodes:, 0, naryNodes:, 1715,
 Random Seed:, 11:
Finished 10000 training steps.   Collisions over 5000 ts after 10000 training steps:, 87,final: groups:, 34, temporal nodes:, 0, terminal nodes:, 0, naryNodes:, 1078,
 UNfinal: groups:, 75, temporal nodes:, 0, terminal nodes:, 0, naryNodes:, 2349,
 Random Seed:, 12:
Finished 10000 training steps.   Collisions over 5000 ts after 10000 training steps:, 655,final: groups:, 29, temporal nodes:, 0, terminal nodes:, 0, naryNodes:, 826,
 UNfinal: groups:, 62, temporal nodes:, 0, terminal nodes:, 0, naryNodes:, 1667,
 Random Seed:, 13:
Finished 10000 training steps.   Collisions over 5000 ts after 10000 training steps:, 111,final: groups:, 27, temporal nodes:, 0, terminal nodes:, 0, naryNodes:, 762,
 UNfinal: groups:, 59, temporal nodes:, 0, terminal nodes:, 0, naryNodes:, 1422,
 Random Seed:, 14:
Finished 10000 training steps.   Collisions over 5000 ts after 10000 training steps:, 97,final: groups:, 25, temporal nodes:, 0, terminal nodes:, 0, naryNodes:, 613,
 UNfinal: groups:, 57, temporal nodes:, 0, terminal nodes:, 0, naryNodes:, 1344,
 Random Seed:, 15:
Finished 10000 training steps.   Collisions over 5000 ts after 10000 training steps:, 645,final: groups:, 31, temporal nodes:, 0, terminal nodes:, 0, naryNodes:, 985,
 UNfinal: groups:, 69, temporal nodes:, 0, terminal nodes:, 0, naryNodes:, 1984,
 Random Seed:, 16:
Finished 10000 training steps.   Collisions over 5000 ts after 10000 training steps:, 652,final: groups:, 34, temporal nodes:, 0, terminal nodes:, 0, naryNodes:, 1181,
 UNfinal: groups:, 79, temporal nodes:, 0, terminal nodes:, 0, naryNodes:, 2607,
 Random Seed:, 17:
Finished 10000 training steps.   Collisions over 5000 ts after 10000 training steps:, 653,final: groups:, 23, temporal nodes:, 0, terminal nodes:, 0, naryNodes:, 502,
 UNfinal: groups:, 60, temporal nodes:, 0, terminal nodes:, 0, naryNodes:, 1327,
 Random Seed:, 18:
Finished 10000 training steps.   Collisions over 5000 ts after 10000 training steps:, 101,final: groups:, 33, temporal nodes:, 0, terminal nodes:, 0, naryNodes:, 1150,
 UNfinal: groups:, 74, temporal nodes:, 0, terminal nodes:, 0, naryNodes:, 2205,
 Random Seed:, 19:
Finished 10000 training steps.   Collisions over 5000 ts after 10000 training steps:, 176,final: groups:, 20, temporal nodes:, 0, terminal nodes:, 0, naryNodes:, 366,
 UNfinal: groups:, 54, temporal nodes:, 0, terminal nodes:, 0, naryNodes:, 979,
 Random Seed:, 20:
Finished 10000 training steps.   Collisions over 5000 ts after 10000 training steps:, 97,final: groups:, 33, temporal nodes:, 0, terminal nodes:, 0, naryNodes:, 1254,
 UNfinal: groups:, 72, temporal nodes:, 0, terminal nodes:, 0, naryNodes:, 2329,
 Random Seed:, 21:
Finished 10000 training steps.   Collisions over 5000 ts after 10000 training steps:, 189,final: groups:, 33, temporal nodes:, 0, terminal nodes:, 0, naryNodes:, 1110,
 UNfinal: groups:, 72, temporal nodes:, 0, terminal nodes:, 0, naryNodes:, 2340,
 Random Seed:, 22:
Finished 10000 training steps.   Collisions over 5000 ts after 10000 training steps:, 343,final: groups:, 33, temporal nodes:, 0, terminal nodes:, 0, naryNodes:, 1078,
 UNfinal: groups:, 71, temporal nodes:, 0, terminal nodes:, 0, naryNodes:, 2045,
 Random Seed:, 23:
Finished 10000 training steps.   Collisions over 5000 ts after 10000 training steps:, 38,final: groups:, 29, temporal nodes:, 0, terminal nodes:, 0, naryNodes:, 849,
 UNfinal: groups:, 67, temporal nodes:, 0, terminal nodes:, 0, naryNodes:, 1741,
 Random Seed:, 24:
Finished 10000 training steps.   Collisions over 5000 ts after 10000 training steps:, 585,final: groups:, 27, temporal nodes:, 0, terminal nodes:, 0, naryNodes:, 763,
 UNfinal: groups:, 65, temporal nodes:, 0, terminal nodes:, 0, naryNodes:, 1714,
 Random Seed:, 25:
Finished 10000 training steps.   Collisions over 5000 ts after 10000 training steps:, 612,final: groups:, 30, temporal nodes:, 0, terminal nodes:, 0, naryNodes:, 891,
 UNfinal: groups:, 70, temporal nodes:, 0, terminal nodes:, 0, naryNodes:, 2020,
 Random Seed:, 26:
Finished 10000 training steps.   Collisions over 5000 ts after 10000 training steps:, 538,final: groups:, 39, temporal nodes:, 0, terminal nodes:, 0, naryNodes:, 1769,
 UNfinal: groups:, 79, temporal nodes:, 0, terminal nodes:, 0, naryNodes:, 3113,
 Random Seed:, 27:
Finished 10000 training steps.   Collisions over 5000 ts after 10000 training steps:, 319,final: groups:, 30, temporal nodes:, 0, terminal nodes:, 0, naryNodes:, 970,
 UNfinal: groups:, 66, temporal nodes:, 0, terminal nodes:, 0, naryNodes:, 1966,
 Random Seed:, 28:
Finished 10000 training steps.   Collisions over 5000 ts after 10000 training steps:, 639,final: groups:, 25, temporal nodes:, 0, terminal nodes:, 0, naryNodes:, 694,
 UNfinal: groups:, 59, temporal nodes:, 0, terminal nodes:, 0, naryNodes:, 1435,
 Random Seed:, 29:
Finished 10000 training steps.   Collisions over 5000 ts after 10000 training steps:, 145,final: groups:, 33, temporal nodes:, 0, terminal nodes:, 0, naryNodes:, 1084,
 UNfinal: groups:, 68, temporal nodes:, 0, terminal nodes:, 0, naryNodes:, 2105,
 Random Seed:, 30:
Finished 10000 training steps.   Collisions over 5000 ts after 10000 training steps:, 438,final: groups:, 34, temporal nodes:, 0, terminal nodes:, 0, naryNodes:, 1339,
 UNfinal: groups:, 70, temporal nodes:, 0, terminal nodes:, 0, naryNodes:, 2465