,
 Random Seed:, 1:
Finished 10000 training steps.   Collisions over 5000 ts after 10000 training steps:, 648,final: groups:, 27, temporal nodes:, 0, terminal nodes:, 0, naryNodes:, 825,
 UNfinal: groups:, 62, temporal nodes:, 0, terminal nodes:, 0, naryNodes:, 1813,
 Random Seed:, 2:
Finished 10000 training steps.   Collisions over 5000 ts after 10000 training steps:, 133,final: groups:, 35, temporal nodes:, 0, terminal nodes:, 0, naryNodes:, 1176,
 UNfinal: groups:, 73, temporal nodes:, 0, terminal nodes:, 0, naryNodes:, 2169,
 Random Seed:, 3:
Finished 10000 training steps.   Collisions over 5000 ts after 10000 training steps:, 52,final: groups:, 32, temporal nodes:, 0, terminal nodes:, 0, naryNodes:, 1072,
 UNfinal: groups:, 68, temporal nodes:, 0, terminal nodes:, 0, naryNodes:, 2011,
 Random Seed:, 4:
Finished 10000 training steps.   Collisions over 5000 ts after 10000 training steps:, 609,final: groups:, 28, temporal nodes:, 0, terminal nodes:, 0, naryNodes:, 809,
 UNfinal: groups:, 63, temporal nodes:, 0, terminal nodes:, 0, naryNodes:, 1780,
 Random Seed:, 5:
Finished 10000 training steps.   Collisions over 5000 ts after 10000 training steps:, 577,final: groups:, 27, temporal nodes:, 0, terminal nodes:, 0, naryNodes:, 716,
 UNfinal: groups:, 58, temporal nodes:, 0, terminal nodes:, 0, naryNodes:, 1353,
 Random Seed:, 6:
Finished 10000 training steps.   Collisions over 5000 ts after 10000 training steps:, 616,final: groups:, 29, temporal nodes:, 0, terminal nodes:, 0, naryNodes:, 920,
 UNfinal: groups:, 62, temporal nodes:, 0, terminal nodes:, 0, naryNodes:, 1862,
 Random Seed:, 7:
Finished 10000 training steps.   Collisions over 5000 ts after 10000 training steps:, 546,final: groups:, 30, temporal nodes:, 0, terminal nodes:, 0, naryNodes:, 929,
 UNfinal: groups:, 66, temporal nodes:, 0, terminal nodes:, 0, naryNodes:, 1960,
 Random Seed:, 8:
Finished 10000 training steps.   Collisions over 5000 ts after 10000 training steps:, 465,final: groups:, 30, temporal nodes:, 0, terminal nodes:, 0, naryNodes:, 901,
 UNfinal: groups:, 73, temporal nodes:, 0, terminal nodes:, 0, naryNodes:, 1935,
 Random Seed:, 9:
Finished 10000 training steps.   Collisions over 5000 ts after 10000 training steps:, 95,final: groups:, 32, temporal nodes:, 0, terminal nodes:, 0, naryNodes:, 1188,
 UNfinal: groups:, 73, temporal nodes:, 0, terminal nodes:, 0, naryNodes:, 2347,
 Random Seed:, 10:
Finished 10000 training steps.   Collisions over 5000 ts after 10000 training steps:, 613,final: groups:, 33, temporal nodes:, 0, terminal nodes:, 0, naryNodes:, 1119,
 UNfinal: groups:, 73, temporal nodes:, 0, terminal nodes:, 0, naryNodes:, 2399,
 Random Seed:, 11:
Finished 10000 training steps.   Collisions over 5000 ts after 10000 training steps:, 85,final: groups:, 30, temporal nodes:, 0, terminal nodes:, 0, naryNodes:, 987,
 UNfinal: groups:, 69, temporal nodes:, 0, terminal nodes:, 0, naryNodes:, 2143,
 Random Seed:, 12:
Finished 10000 training steps.   Collisions over 5000 ts after 10000 training steps:, 315,final: groups:, 28, temporal nodes:, 0, terminal nodes:, 0, naryNodes:, 831,
 UNfinal: groups:, 63, temporal nodes:, 0, terminal nodes:, 0, naryNodes:, 1758,
 Random Seed:, 13:
Finished 10000 training steps.   Collisions over 5000 ts after 10000 training steps:, 79,final: groups:, 29, temporal nodes:, 0, terminal nodes:, 0, naryNodes:, 897,
 UNfinal: groups:, 63, temporal nodes:, 0, terminal nodes:, 0, naryNodes:, 1665,
 Random Seed:, 14:
Finished 10000 training steps.   Collisions over 5000 ts after 10000 training steps:, 190,final: groups:, 23, temporal nodes:, 0, terminal nodes:, 0, naryNodes:, 548,
 UNfinal: groups:, 56, temporal nodes:, 0, terminal nodes:, 0, naryNodes:, 1310,
 Random Seed:, 15:
Finished 10000 training steps.   Collisions over 5000 ts after 10000 training steps:, 78,final: groups:, 37, temporal nodes:, 0, terminal nodes:, 0, naryNodes:, 1662,
 UNfinal: groups:, 79, temporal nodes:, 0, terminal nodes:, 0, naryNodes:, 2815,
 Random Seed:, 16:
Finished 10000 training steps.   Collisions over 5000 ts after 10000 training steps:, 646,final: groups:, 34, temporal nodes:, 0, terminal nodes:, 0, naryNodes:, 1074,
 UNfinal: groups:, 69, temporal nodes:, 0, terminal nodes:, 0, naryNodes:, 1942,
 Random Seed:, 17:
Finished 10000 training steps.   Collisions over 5000 ts after 10000 training steps:, 130,final: groups:, 29, temporal nodes:, 0, terminal nodes:, 0, naryNodes:, 854,
 UNfinal: groups:, 61, temporal nodes:, 0, terminal nodes:, 0, naryNodes:, 1673,
 Random Seed:, 18:
Finished 10000 training steps.   Collisions over 5000 ts after 10000 training steps:, 588,final: groups:, 27, temporal nodes:, 0, terminal nodes:, 0, naryNodes:, 790,
 UNfinal: groups:, 69, temporal nodes:, 0, terminal nodes:, 0, naryNodes:, 1881,
 Random Seed:, 19:
Finished 10000 training steps.   Collisions over 5000 ts after 10000 training steps:, 503,final: groups:, 24, temporal nodes:, 0, terminal nodes:, 0, naryNodes:, 556,
 UNfinal: groups:, 57, temporal nodes:, 0, terminal nodes:, 0, naryNodes:, 1364,
 Random Seed:, 20:
Finished 10000 training steps.   Collisions over 5000 ts after 10000 training steps:, 412,final: groups:, 26, temporal nodes:, 0, terminal nodes:, 0, naryNodes:, 723,
 UNfinal: groups:, 65, temporal nodes:, 0, terminal nodes:, 0, naryNodes:, 1756,
 Random Seed:, 21:
Finished 10000 training steps.   Collisions over 5000 ts after 10000 training steps:, 291,final: groups:, 28, temporal nodes:, 0, terminal nodes:, 0, naryNodes:, 811,
 UNfinal: groups:, 58, temporal nodes:, 0, terminal nodes:, 0, naryNodes:, 1638,
 Random Seed:, 22:
Finished 10000 training steps.   Collisions over 5000 ts after 10000 training steps:, 419,final: groups:, 33, temporal nodes:, 0, terminal nodes:, 0, naryNodes:, 1128,
 UNfinal: groups:, 69, temporal nodes:, 0, terminal nodes:, 0, naryNodes:, 2012,
 Random Seed:, 23:
Finished 10000 training steps.   Collisions over 5000 ts after 10000 training steps:, 340,final: groups:, 32, temporal nodes:, 0, terminal nodes:, 0, naryNodes:, 1071,
 UNfinal: groups:, 70, temporal nodes:, 0, terminal nodes:, 0, naryNodes:, 2116,
 Random Seed:, 24:
Finished 10000 training steps.   Collisions over 5000 ts after 10000 training steps:, 24,final: groups:, 33, temporal nodes:, 0, terminal nodes:, 0, naryNodes:, 1352,
 UNfinal: groups:, 78, temporal nodes:, 0, terminal nodes:, 0, naryNodes:, 2861,
 Random Seed:, 25:
Finished 10000 training steps.   Collisions over 5000 ts after 10000 training steps:, 584,final: groups:, 27, temporal nodes:, 0, terminal nodes:, 0, naryNodes:, 787,
 UNfinal: groups:, 68, temporal nodes:, 0, terminal nodes:, 0, naryNodes:, 1861,
 Random Seed:, 26:
Finished 10000 training steps.   Collisions over 5000 ts after 10000 training steps:, 639,final: groups:, 31, temporal nodes:, 0, terminal nodes:, 0, naryNodes:, 1023,
 UNfinal: groups:, 68, temporal nodes:, 0, terminal nodes:, 0, naryNodes:, 2140,
 Random Seed:, 27:
Finished 10000 training steps.   Collisions over 5000 ts after 10000 training steps:, 312,final: groups:, 30, temporal nodes:, 0, terminal nodes:, 0, naryNodes:, 1030,
 UNfinal: groups:, 71, temporal nodes:, 0, terminal nodes:, 0, naryNodes:, 2126,
 Random Seed:, 28:
Finished 10000 training steps.   Collisions over 5000 ts after 10000 training steps:, 57,final: groups:, 31, temporal nodes:, 0, terminal nodes:, 0, naryNodes:, 990,
 UNfinal: groups:, 70, temporal nodes:, 0, terminal nodes:, 0, naryNodes:, 1932,
 Random Seed:, 29:
Finished 10000 training steps.   Collisions over 5000 ts after 10000 training steps:, 488,final: groups:, 25, temporal nodes:, 0, terminal nodes:, 0, naryNodes:, 709,
 UNfinal: groups:, 72, temporal nodes:, 0, terminal nodes:, 0, naryNodes:, 1931,
 Random Seed:, 30:
Finished 10000 training steps.   Collisions over 5000 ts after 10000 training steps:, 433,final: groups:, 26, temporal nodes:, 0, terminal nodes:, 0, naryNodes:, 679,
 UNfinal: groups:, 66, temporal nodes:, 0, terminal nodes:, 0, naryNodes:, 1742