,
 Random Seed:, 1:
Finished 10000 training steps.   Collisions over 5000 ts after 10000 training steps:, 599,final: groups:, 58, temporal nodes:, 10, terminal nodes:, 921, naryNodes:, 2317,
 UNfinal: groups:, 185, temporal nodes:, 86, terminal nodes:, 1886, naryNodes:, 5632,
 Random Seed:, 2:
Finished 10000 training steps.   Collisions over 5000 ts after 10000 training steps:, 317,final: groups:, 54, temporal nodes:, 10, terminal nodes:, 628, naryNodes:, 1689,
 UNfinal: groups:, 136, temporal nodes:, 47, terminal nodes:, 1099, naryNodes:, 4063,
 Random Seed:, 3:
Finished 10000 training steps.   Collisions over 5000 ts after 10000 training steps:, 579,final: groups:, 44, temporal nodes:, 7, terminal nodes:, 497, naryNodes:, 1193,
 UNfinal: groups:, 152, temporal nodes:, 65, terminal nodes:, 1100, naryNodes:, 3226,
 Random Seed:, 4:
Finished 10000 training steps.   Collisions over 5000 ts after 10000 training steps:, 354,final: groups:, 51, temporal nodes:, 9, terminal nodes:, 574, naryNodes:, 1578,
 UNfinal: groups:, 138, temporal nodes:, 42, terminal nodes:, 903, naryNodes:, 4357,
 Random Seed:, 5:
Finished 10000 training steps.   Collisions over 5000 ts after 10000 training steps:, 492,final: groups:, 27, temporal nodes:, 2, terminal nodes:, 122, naryNodes:, 659,
 UNfinal: groups:, 98, temporal nodes:, 34, terminal nodes:, 350, naryNodes:, 1801,
 Random Seed:, 6:
Finished 10000 training steps.   Collisions over 5000 ts after 10000 training steps:, 247,final: groups:, 35, temporal nodes:, 6, terminal nodes:, 244, naryNodes:, 720,
 UNfinal: groups:, 106, temporal nodes:, 39, terminal nodes:, 520, naryNodes:, 1883,
 Random Seed:, 7:
Finished 10000 training steps.   Collisions over 5000 ts after 10000 training steps:, 612,final: groups:, 33, temporal nodes:, 3, terminal nodes:, 177, naryNodes:, 956,
 UNfinal: groups:, 110, temporal nodes:, 41, terminal nodes:, 488, naryNodes:, 2177,
 Random Seed:, 8:
Finished 10000 training steps.   Collisions over 5000 ts after 10000 training steps:, 702,final: groups:, 29, temporal nodes:, 2, terminal nodes:, 111, naryNodes:, 793,
 UNfinal: groups:, 83, temporal nodes:, 20, terminal nodes:, 263, naryNodes:, 1929,
 Random Seed:, 9:
Finished 10000 training steps.   Collisions over 5000 ts after 10000 training steps:, 619,final: groups:, 34, temporal nodes:, 5, terminal nodes:, 322, naryNodes:, 727,
 UNfinal: groups:, 102, temporal nodes:, 34, terminal nodes:, 617, naryNodes:, 2219,
 Random Seed:, 10:
Finished 10000 training steps.   Collisions over 5000 ts after 10000 training steps:, 122,final: groups:, 54, temporal nodes:, 8, terminal nodes:, 621, naryNodes:, 2201,
 UNfinal: groups:, 181, temporal nodes:, 88, terminal nodes:, 1514, naryNodes:, 4532,
 Random Seed:, 11:
Finished 10000 training steps.   Collisions over 5000 ts after 10000 training steps:, 144,final: groups:, 49, temporal nodes:, 9, terminal nodes:, 599, naryNodes:, 1248,
 UNfinal: groups:, 142, temporal nodes:, 56, terminal nodes:, 1087, naryNodes:, 3097,
 Random Seed:, 12:
Finished 10000 training steps.   Collisions over 5000 ts after 10000 training steps:, 541,final: groups:, 32, temporal nodes:, 6, terminal nodes:, 313, naryNodes:, 501,
 UNfinal: groups:, 93, temporal nodes:, 33, terminal nodes:, 488, naryNodes:, 1567,
 Random Seed:, 13:
Finished 10000 training steps.   Collisions over 5000 ts after 10000 training steps:, 193,final: groups:, 41, temporal nodes:, 7, terminal nodes:, 492, naryNodes:, 1043,
 UNfinal: groups:, 129, temporal nodes:, 52, terminal nodes:, 973, naryNodes:, 2938,
 Random Seed:, 14:
Finished 10000 training steps.   Collisions over 5000 ts after 10000 training steps:, 369,final: groups:, 37, temporal nodes:, 4, terminal nodes:, 277, naryNodes:, 1238,
 UNfinal: groups:, 125, temporal nodes:, 49, terminal nodes:, 675, naryNodes:, 2993,
 Random Seed:, 15:
Finished 10000 training steps.   Collisions over 5000 ts after 10000 training steps:, 623,final: groups:, 37, temporal nodes:, 6, terminal nodes:, 387, naryNodes:, 978,
 UNfinal: groups:, 134, temporal nodes:, 62, terminal nodes:, 929, naryNodes:, 2629,
 Random Seed:, 16:
Finished 10000 training steps.   Collisions over 5000 ts after 10000 training steps:, 888,final: groups:, 43, temporal nodes:, 8, terminal nodes:, 512, naryNodes:, 1008,
 UNfinal: groups:, 118, temporal nodes:, 41, terminal nodes:, 793, naryNodes:, 2903,
 Random Seed:, 17:
Finished 10000 training steps.   Collisions over 5000 ts after 10000 training steps:, 403,final: groups:, 50, temporal nodes:, 8, terminal nodes:, 597, naryNodes:, 1643,
 UNfinal: groups:, 149, temporal nodes:, 62, terminal nodes:, 1161, naryNodes:, 3948,
 Random Seed:, 18:
Finished 10000 training steps.   Collisions over 5000 ts after 10000 training steps:, 504,final: groups:, 52, temporal nodes:, 7, terminal nodes:, 497, naryNodes:, 1935,
 UNfinal: groups:, 131, temporal nodes:, 36, terminal nodes:, 771, naryNodes:, 4111,
 Random Seed:, 19:
Finished 10000 training steps.   Collisions over 5000 ts after 10000 training steps:, 285,final: groups:, 48, temporal nodes:, 7, terminal nodes:, 468, naryNodes:, 1456,
 UNfinal: groups:, 139, temporal nodes:, 54, terminal nodes:, 927, naryNodes:, 3273,
 Random Seed:, 20:
Finished 10000 training steps.   Collisions over 5000 ts after 10000 training steps:, 630,final: groups:, 33, temporal nodes:, 3, terminal nodes:, 154, naryNodes:, 841,
 UNfinal: groups:, 101, temporal nodes:, 37, terminal nodes:, 432, naryNodes:, 1596,
 Random Seed:, 21:
Finished 10000 training steps.   Collisions over 5000 ts after 10000 training steps:, 673,final: groups:, 37, temporal nodes:, 4, terminal nodes:, 235, naryNodes:, 968,
 UNfinal: groups:, 99, temporal nodes:, 31, terminal nodes:, 466, naryNodes:, 2132,
 Random Seed:, 22:
Finished 10000 training steps.   Collisions over 5000 ts after 10000 training steps:, 633,final: groups:, 40, temporal nodes:, 6, terminal nodes:, 390, naryNodes:, 1142,
 UNfinal: groups:, 154, temporal nodes:, 76, terminal nodes:, 922, naryNodes:, 2711,
 Random Seed:, 23:
Finished 10000 training steps.   Collisions over 5000 ts after 10000 training steps:, 204,final: groups:, 59, temporal nodes:, 9, terminal nodes:, 672, naryNodes:, 2310,
 UNfinal: groups:, 154, temporal nodes:, 63, terminal nodes:, 1450, naryNodes:, 4505,
 Random Seed:, 24:
Finished 10000 training steps.   Collisions over 5000 ts after 10000 training steps:, 129,final: groups:, 28, temporal nodes:, 3, terminal nodes:, 159, naryNodes:, 550,
 UNfinal: groups:, 104, temporal nodes:, 40, terminal nodes:, 413, naryNodes:, 1678,
 Random Seed:, 25:
Finished 10000 training steps.   Collisions over 5000 ts after 10000 training steps:, 129,final: groups:, 39, temporal nodes:, 5, terminal nodes:, 325, naryNodes:, 971,
 UNfinal: groups:, 133, temporal nodes:, 57, terminal nodes:, 769, naryNodes:, 2517,
 Random Seed:, 26:
Finished 10000 training steps.   Collisions over 5000 ts after 10000 training steps:, 619,final: groups:, 47, temporal nodes:, 4, terminal nodes:, 293, naryNodes:, 1804,
 UNfinal: groups:, 130, temporal nodes:, 46, terminal nodes:, 685, naryNodes:, 3367,
 Random Seed:, 27:
Finished 10000 training steps.   Collisions over 5000 ts after 10000 training steps:, 374,final: groups:, 43, temporal nodes:, 4, terminal nodes:, 269, naryNodes:, 1470,
 UNfinal: groups:, 144, temporal nodes:, 61, terminal nodes:, 821, naryNodes:, 3079,
 Random Seed:, 28:
Finished 10000 training steps.   Collisions over 5000 ts after 10000 training steps:, 565,final: groups:, 42, temporal nodes:, 6, terminal nodes:, 387, naryNodes:, 1161,
 UNfinal: groups:, 120, temporal nodes:, 37, terminal nodes:, 698, naryNodes:, 3312,
 Random Seed:, 29:
Finished 10000 training steps.   Collisions over 5000 ts after 10000 training steps:, 532,final: groups:, 55, temporal nodes:, 10, terminal nodes:, 778, naryNodes:, 2039,
 UNfinal: groups:, 158, temporal nodes:, 54, terminal nodes:, 1315, naryNodes:, 5138,
 Random Seed:, 30:
Finished 10000 training steps.   Collisions over 5000 ts after 10000 training steps:, 641,final: groups:, 30, temporal nodes:, 3, terminal nodes:, 143, naryNodes:, 616,
 UNfinal: groups:, 104, temporal nodes:, 43, terminal nodes:, 420, naryNodes:, 1630