,
 Random Seed:, 1:
Finished 10000 training steps.   Collisions over 5000 ts after 10000 training steps:, 657,final: groups:, 22, temporal nodes:, 6, terminal nodes:, 189, naryNodes:, 0,
 UNfinal: groups:, 50, temporal nodes:, 30, terminal nodes:, 344, naryNodes:, 0,
 Random Seed:, 2:
Finished 10000 training steps.   Collisions over 5000 ts after 10000 training steps:, 633,final: groups:, 29, temporal nodes:, 9, terminal nodes:, 573, naryNodes:, 0,
 UNfinal: groups:, 58, temporal nodes:, 38, terminal nodes:, 868, naryNodes:, 0,
 Random Seed:, 3:
Finished 10000 training steps.   Collisions over 5000 ts after 10000 training steps:, 617,final: groups:, 17, temporal nodes:, 3, terminal nodes:, 112, naryNodes:, 0,
 UNfinal: groups:, 45, temporal nodes:, 25, terminal nodes:, 264, naryNodes:, 0,
 Random Seed:, 4:
Finished 10000 training steps.   Collisions over 5000 ts after 10000 training steps:, 629,final: groups:, 21, temporal nodes:, 5, terminal nodes:, 269, naryNodes:, 0,
 UNfinal: groups:, 58, temporal nodes:, 38, terminal nodes:, 532, naryNodes:, 0,
 Random Seed:, 5:
Finished 10000 training steps.   Collisions over 5000 ts after 10000 training steps:, 634,final: groups:, 17, temporal nodes:, 3, terminal nodes:, 122, naryNodes:, 0,
 UNfinal: groups:, 46, temporal nodes:, 26, terminal nodes:, 266, naryNodes:, 0,
 Random Seed:, 6:
Finished 10000 training steps.   Collisions over 5000 ts after 10000 training steps:, 619,final: groups:, 21, temporal nodes:, 5, terminal nodes:, 257, naryNodes:, 0,
 UNfinal: groups:, 55, temporal nodes:, 35, terminal nodes:, 441, naryNodes:, 0,
 Random Seed:, 7:
Finished 10000 training steps.   Collisions over 5000 ts after 10000 training steps:, 651,final: groups:, 15, temporal nodes:, 2, terminal nodes:, 81, naryNodes:, 0,
 UNfinal: groups:, 45, temporal nodes:, 25, terminal nodes:, 206, naryNodes:, 0,
 Random Seed:, 8:
Finished 10000 training steps.   Collisions over 5000 ts after 10000 training steps:, 603,final: groups:, 21, temporal nodes:, 5, terminal nodes:, 253, naryNodes:, 0,
 UNfinal: groups:, 42, temporal nodes:, 22, terminal nodes:, 379, naryNodes:, 0,
 Random Seed:, 9:
Finished 10000 training steps.   Collisions over 5000 ts after 10000 training steps:, 606,final: groups:, 23, temporal nodes:, 6, terminal nodes:, 343, naryNodes:, 0,
 UNfinal: groups:, 46, temporal nodes:, 26, terminal nodes:, 514, naryNodes:, 0,
 Random Seed:, 10:
Finished 10000 training steps.   Collisions over 5000 ts after 10000 training steps:, 640,final: groups:, 25, temporal nodes:, 7, terminal nodes:, 378, naryNodes:, 0,
 UNfinal: groups:, 53, temporal nodes:, 33, terminal nodes:, 612, naryNodes:, 0,
 Random Seed:, 11:
Finished 10000 training steps.   Collisions over 5000 ts after 10000 training steps:, 298,final: groups:, 25, temporal nodes:, 7, terminal nodes:, 329, naryNodes:, 0,
 UNfinal: groups:, 52, temporal nodes:, 32, terminal nodes:, 524, naryNodes:, 0,
 Random Seed:, 12:
Finished 10000 training steps.   Collisions over 5000 ts after 10000 training steps:, 684,final: groups:, 28, temporal nodes:, 9, terminal nodes:, 447, naryNodes:, 0,
 UNfinal: groups:, 51, temporal nodes:, 31, terminal nodes:, 663, naryNodes:, 0,
 Random Seed:, 13:
Finished 10000 training steps.   Collisions over 5000 ts after 10000 training steps:, 674,final: groups:, 23, temporal nodes:, 6, terminal nodes:, 345, naryNodes:, 0,
 UNfinal: groups:, 48, temporal nodes:, 28, terminal nodes:, 530, naryNodes:, 0,
 Random Seed:, 14:
Finished 10000 training steps.   Collisions over 5000 ts after 10000 training steps:, 614,final: groups:, 21, temporal nodes:, 5, terminal nodes:, 276, naryNodes:, 0,
 UNfinal: groups:, 46, temporal nodes:, 26, terminal nodes:, 436, naryNodes:, 0,
 Random Seed:, 15:
Finished 10000 training steps.   Collisions over 5000 ts after 10000 training steps:, 591,final: groups:, 23, temporal nodes:, 6, terminal nodes:, 315, naryNodes:, 0,
 UNfinal: groups:, 65, temporal nodes:, 45, terminal nodes:, 652, naryNodes:, 0,
 Random Seed:, 16:
Finished 10000 training steps.   Collisions over 5000 ts after 10000 training steps:, 646,final: groups:, 17, temporal nodes:, 3, terminal nodes:, 55, naryNodes:, 0,
 UNfinal: groups:, 47, temporal nodes:, 27, terminal nodes:, 199, naryNodes:, 0,
 Random Seed:, 17:
Finished 10000 training steps.   Collisions over 5000 ts after 10000 training steps:, 614,final: groups:, 21, temporal nodes:, 5, terminal nodes:, 242, naryNodes:, 0,
 UNfinal: groups:, 65, temporal nodes:, 45, terminal nodes:, 507, naryNodes:, 0,
 Random Seed:, 18:
Finished 10000 training steps.   Collisions over 5000 ts after 10000 training steps:, 670,final: groups:, 25, temporal nodes:, 7, terminal nodes:, 354, naryNodes:, 0,
 UNfinal: groups:, 48, temporal nodes:, 28, terminal nodes:, 513, naryNodes:, 0,
 Random Seed:, 19:
Finished 10000 training steps.   Collisions over 5000 ts after 10000 training steps:, 644,final: groups:, 19, temporal nodes:, 4, terminal nodes:, 192, naryNodes:, 0,
 UNfinal: groups:, 49, temporal nodes:, 29, terminal nodes:, 376, naryNodes:, 0,
 Random Seed:, 20:
Finished 10000 training steps.   Collisions over 5000 ts after 10000 training steps:, 646,final: groups:, 29, temporal nodes:, 9, terminal nodes:, 531, naryNodes:, 0,
 UNfinal: groups:, 49, temporal nodes:, 29, terminal nodes:, 703, naryNodes:, 0,
 Random Seed:, 21:
Finished 10000 training steps.   Collisions over 5000 ts after 10000 training steps:, 598,final: groups:, 23, temporal nodes:, 6, terminal nodes:, 355, naryNodes:, 0,
 UNfinal: groups:, 55, temporal nodes:, 35, terminal nodes:, 660, naryNodes:, 0,
 Random Seed:, 22:
Finished 10000 training steps.   Collisions over 5000 ts after 10000 training steps:, 603,final: groups:, 19, temporal nodes:, 4, terminal nodes:, 191, naryNodes:, 0,
 UNfinal: groups:, 45, temporal nodes:, 25, terminal nodes:, 355, naryNodes:, 0,
 Random Seed:, 23:
Finished 10000 training steps.   Collisions over 5000 ts after 10000 training steps:, 327,final: groups:, 19, temporal nodes:, 4, terminal nodes:, 142, naryNodes:, 0,
 UNfinal: groups:, 45, temporal nodes:, 25, terminal nodes:, 309, naryNodes:, 0,
 Random Seed:, 24:
Finished 10000 training steps.   Collisions over 5000 ts after 10000 training steps:, 623,final: groups:, 25, temporal nodes:, 7, terminal nodes:, 420, naryNodes:, 0,
 UNfinal: groups:, 57, temporal nodes:, 37, terminal nodes:, 712, naryNodes:, 0,
 Random Seed:, 25:
Finished 10000 training steps.   Collisions over 5000 ts after 10000 training steps:, 612,final: groups:, 19, temporal nodes:, 4, terminal nodes:, 199, naryNodes:, 0,
 UNfinal: groups:, 69, temporal nodes:, 49, terminal nodes:, 616, naryNodes:, 0,
 Random Seed:, 26:
Finished 10000 training steps.   Collisions over 5000 ts after 10000 training steps:, 610,final: groups:, 25, temporal nodes:, 7, terminal nodes:, 355, naryNodes:, 0,
 UNfinal: groups:, 47, temporal nodes:, 27, terminal nodes:, 535, naryNodes:, 0,
 Random Seed:, 27:
Finished 10000 training steps.   Collisions over 5000 ts after 10000 training steps:, 587,final: groups:, 19, temporal nodes:, 4, terminal nodes:, 168, naryNodes:, 0,
 UNfinal: groups:, 52, temporal nodes:, 32, terminal nodes:, 333, naryNodes:, 0,
 Random Seed:, 28:
Finished 10000 training steps.   Collisions over 5000 ts after 10000 training steps:, 563,final: groups:, 17, temporal nodes:, 3, terminal nodes:, 138, naryNodes:, 0,
 UNfinal: groups:, 59, temporal nodes:, 39, terminal nodes:, 383, naryNodes:, 0,
 Random Seed:, 29:
 Node: 1020 doing temporal extend. 
 firstInputMatchedNow: 1 time: 5835,
 Random Seed:, 30:
Finished 10000 training steps.   Collisions over 5000 ts after 10000 training steps:, 656,final: groups:, 29, temporal nodes:, 9, terminal nodes:, 518, naryNodes:, 0,
 UNfinal: groups:, 68, temporal nodes:, 48, terminal nodes:, 910, naryNodes:, 0