,
 Random Seed:, 1:
Finished 1 training steps.   Collisions over 5000 ts after 1 training steps:, 598,final: groups:, 0, temporal nodes:, 0, terminal nodes:, 0, naryNodes:, 0,
 UNfinal: groups:, 20, temporal nodes:, 0, terminal nodes:, 0, naryNodes:, 0,
 Random Seed:, 2:
Finished 1 training steps.   Collisions over 5000 ts after 1 training steps:, 657,final: groups:, 0, temporal nodes:, 0, terminal nodes:, 0, naryNodes:, 0,
 UNfinal: groups:, 20, temporal nodes:, 0, terminal nodes:, 0, naryNodes:, 0,
 Random Seed:, 3:
Finished 1 training steps.   Collisions over 5000 ts after 1 training steps:, 611,final: groups:, 0, temporal nodes:, 0, terminal nodes:, 0, naryNodes:, 0,
 UNfinal: groups:, 20, temporal nodes:, 0, terminal nodes:, 0, naryNodes:, 0,
 Random Seed:, 4:
Finished 1 training steps.   Collisions over 5000 ts after 1 training steps:, 624,final: groups:, 0, temporal nodes:, 0, terminal nodes:, 0, naryNodes:, 0,
 UNfinal: groups:, 20, temporal nodes:, 0, terminal nodes:, 0, naryNodes:, 0,
 Random Seed:, 5:
Finished 1 training steps.   Collisions over 5000 ts after 1 training steps:, 612,final: groups:, 0, temporal nodes:, 0, terminal nodes:, 0, naryNodes:, 0,
 UNfinal: groups:, 20, temporal nodes:, 0, terminal nodes:, 0, naryNodes:, 0,
 Random Seed:, 6:
Finished 1 training steps.   Collisions over 5000 ts after 1 training steps:, 628,final: groups:, 0, temporal nodes:, 0, terminal nodes:, 0, naryNodes:, 0,
 UNfinal: groups:, 20, temporal nodes:, 0, terminal nodes:, 0, naryNodes:, 0,
 Random Seed:, 7:
Finished 1 training steps.   Collisions over 5000 ts after 1 training steps:, 599,final: groups:, 0, temporal nodes:, 0, terminal nodes:, 0, naryNodes:, 0,
 UNfinal: groups:, 20, temporal nodes:, 0, terminal nodes:, 0, naryNodes:, 0,
 Random Seed:, 8:
Finished 1 training steps.   Collisions over 5000 ts after 1 training steps:, 614,final: groups:, 0, temporal nodes:, 0, terminal nodes:, 0, naryNodes:, 0,
 UNfinal: groups:, 20, temporal nodes:, 0, terminal nodes:, 0, naryNodes:, 0,
 Random Seed:, 9:
Finished 1 training steps.   Collisions over 5000 ts after 1 training steps:, 634,final: groups:, 0, temporal nodes:, 0, terminal nodes:, 0, naryNodes:, 0,
 UNfinal: groups:, 20, temporal nodes:, 0, terminal nodes:, 0, naryNodes:, 0,
 Random Seed:, 10:
Finished 1 training steps.   Collisions over 5000 ts after 1 training steps:, 617,final: groups:, 0, temporal nodes:, 0, terminal nodes:, 0, naryNodes:, 0,
 UNfinal: groups:, 20, temporal nodes:, 0, terminal nodes:, 0, naryNodes:, 0,
 Random Seed:, 11:
Finished 1 training steps.   Collisions over 5000 ts after 1 training steps:, 643,final: groups:, 0, temporal nodes:, 0, terminal nodes:, 0, naryNodes:, 0,
 UNfinal: groups:, 20, temporal nodes:, 0, terminal nodes:, 0, naryNodes:, 0,
 Random Seed:, 12:
Finished 1 training steps.   Collisions over 5000 ts after 1 training steps:, 631,final: groups:, 0, temporal nodes:, 0, terminal nodes:, 0, naryNodes:, 0,
 UNfinal: groups:, 20, temporal nodes:, 0, terminal nodes:, 0, naryNodes:, 0,
 Random Seed:, 13:
Finished 1 training steps.   Collisions over 5000 ts after 1 training steps:, 661,final: groups:, 0, temporal nodes:, 0, terminal nodes:, 0, naryNodes:, 0,
 UNfinal: groups:, 20, temporal nodes:, 0, terminal nodes:, 0, naryNodes:, 0,
 Random Seed:, 14:
Finished 1 training steps.   Collisions over 5000 ts after 1 training steps:, 602,final: groups:, 0, temporal nodes:, 0, terminal nodes:, 0, naryNodes:, 0,
 UNfinal: groups:, 20, temporal nodes:, 0, terminal nodes:, 0, naryNodes:, 0,
 Random Seed:, 15:
Finished 1 training steps.   Collisions over 5000 ts after 1 training steps:, 632,final: groups:, 0, temporal nodes:, 0, terminal nodes:, 0, naryNodes:, 0,
 UNfinal: groups:, 20, temporal nodes:, 0, terminal nodes:, 0, naryNodes:, 0,
 Random Seed:, 16:
Finished 1 training steps.   Collisions over 5000 ts after 1 training steps:, 612,final: groups:, 0, temporal nodes:, 0, terminal nodes:, 0, naryNodes:, 0,
 UNfinal: groups:, 20, temporal nodes:, 0, terminal nodes:, 0, naryNodes:, 0,
 Random Seed:, 17:
Finished 1 training steps.   Collisions over 5000 ts after 1 training steps:, 598,final: groups:, 0, temporal nodes:, 0, terminal nodes:, 0, naryNodes:, 0,
 UNfinal: groups:, 20, temporal nodes:, 0, terminal nodes:, 0, naryNodes:, 0,
 Random Seed:, 18:
Finished 1 training steps.   Collisions over 5000 ts after 1 training steps:, 660,final: groups:, 0, temporal nodes:, 0, terminal nodes:, 0, naryNodes:, 0,
 UNfinal: groups:, 20, temporal nodes:, 0, terminal nodes:, 0, naryNodes:, 0,
 Random Seed:, 19:
Finished 1 training steps.   Collisions over 5000 ts after 1 training steps:, 623,final: groups:, 0, temporal nodes:, 0, terminal nodes:, 0, naryNodes:, 0,
 UNfinal: groups:, 20, temporal nodes:, 0, terminal nodes:, 0, naryNodes:, 0,
 Random Seed:, 20:
Finished 1 training steps.   Collisions over 5000 ts after 1 training steps:, 632,final: groups:, 0, temporal nodes:, 0, terminal nodes:, 0, naryNodes:, 0,
 UNfinal: groups:, 20, temporal nodes:, 0, terminal nodes:, 0, naryNodes:, 0,
 Random Seed:, 21:
Finished 1 training steps.   Collisions over 5000 ts after 1 training steps:, 611,final: groups:, 0, temporal nodes:, 0, terminal nodes:, 0, naryNodes:, 0,
 UNfinal: groups:, 20, temporal nodes:, 0, terminal nodes:, 0, naryNodes:, 0,
 Random Seed:, 22:
Finished 1 training steps.   Collisions over 5000 ts after 1 training steps:, 614,final: groups:, 0, temporal nodes:, 0, terminal nodes:, 0, naryNodes:, 0,
 UNfinal: groups:, 20, temporal nodes:, 0, terminal nodes:, 0, naryNodes:, 0,
 Random Seed:, 23:
Finished 1 training steps.   Collisions over 5000 ts after 1 training steps:, 597,final: groups:, 0, temporal nodes:, 0, terminal nodes:, 0, naryNodes:, 0,
 UNfinal: groups:, 20, temporal nodes:, 0, terminal nodes:, 0, naryNodes:, 0,
 Random Seed:, 24:
Finished 1 training steps.   Collisions over 5000 ts after 1 training steps:, 628,final: groups:, 0, temporal nodes:, 0, terminal nodes:, 0, naryNodes:, 0,
 UNfinal: groups:, 20, temporal nodes:, 0, terminal nodes:, 0, naryNodes:, 0,
 Random Seed:, 25:
Finished 1 training steps.   Collisions over 5000 ts after 1 training steps:, 635,final: groups:, 0, temporal nodes:, 0, terminal nodes:, 0, naryNodes:, 0,
 UNfinal: groups:, 20, temporal nodes:, 0, terminal nodes:, 0, naryNodes:, 0,
 Random Seed:, 26:
Finished 1 training steps.   Collisions over 5000 ts after 1 training steps:, 614,final: groups:, 0, temporal nodes:, 0, terminal nodes:, 0, naryNodes:, 0,
 UNfinal: groups:, 20, temporal nodes:, 0, terminal nodes:, 0, naryNodes:, 0,
 Random Seed:, 27:
Finished 1 training steps.   Collisions over 5000 ts after 1 training steps:, 617,final: groups:, 0, temporal nodes:, 0, terminal nodes:, 0, naryNodes:, 0,
 UNfinal: groups:, 20, temporal nodes:, 0, terminal nodes:, 0, naryNodes:, 0,
 Random Seed:, 28:
Finished 1 training steps.   Collisions over 5000 ts after 1 training steps:, 627,final: groups:, 0, temporal nodes:, 0, terminal nodes:, 0, naryNodes:, 0,
 UNfinal: groups:, 20, temporal nodes:, 0, terminal nodes:, 0, naryNodes:, 0,
 Random Seed:, 29:
Finished 1 training steps.   Collisions over 5000 ts after 1 training steps:, 640,final: groups:, 0, temporal nodes:, 0, terminal nodes:, 0, naryNodes:, 0,
 UNfinal: groups:, 20, temporal nodes:, 0, terminal nodes:, 0, naryNodes:, 0,
 Random Seed:, 30:
Finished 1 training steps.   Collisions over 5000 ts after 1 training steps:, 640,final: groups:, 0, temporal nodes:, 0, terminal nodes:, 0, naryNodes:, 0,
 UNfinal: groups:, 20, temporal nodes:, 0, terminal nodes:, 0, naryNodes:, 0